,no1_gain_0.0,no2_gain_0.0,no3_gain_0.0,no1_gain_2.0,no2_gain_2.0,no3_gain_2.0
0.0,-0.00017699023236506477,-0.00028145475076191037,-0.0001629154620761081,-5.648458384086434e-18,0.0,2.447665299770788e-17
0.5,-0.5350109094483897,-0.5350109094483899,-0.5350109094483896,3.6891100189583285e-06,1.4921263188236472e-05,8.362941847122599e-06
1.0,-0.8699740462610597,-0.8699740462610595,-0.869974046261059,2.3800971772084875e-09,2.5584926899919104e-08,1.2123818739120284e-07
1.5,-0.6009207785639864,-0.6009207785639866,-0.6009207785639866,1.1296916768172868e-17,3.765638922724289e-18,7.531277845448579e-18
2.0,-0.4137879791973738,-0.41378797919737415,-0.4137879791973739,1.8828194613621445e-17,1.8828194613621445e-17,1.3179736229535013e-17
